ID,Nama,Jenis Kelamin,Usia,Nilai Matematika,Nilai IPA,Nilai IPS,Nilai Bahasa Indonesia,Nilai Bahasa Inggris,Nilai TIK,Minat Sains,Minat Bahasa,Minat Sosial,Minat Teknologi,Potensi
1,Budi Putri,P,14,91,91,63,67,79,95,4,1,1,4,Sains
2,Budi Saputra,L,13,86,92,69,92,77,88,5,3,1,2,Sains
3,Gita Wijaya,L,15,86,86,96,88,75,64,5,4,2,2,Sains
4,Eka Nur,L,14,92,92,73,67,96,97,5,2,4,3,Sains
5,Budi Kusuma,P,12,91,85,76,70,66,64,5,5,1,2,Sains
6,Andi Santoso,L,14,90,92,80,75,88,85,5,2,1,3,Sains
7,Citra Utami,P,15,88,87,78,65,62,62,4,1,5,3,Sains
8,Joko Santoso,L,14,97,89,80,95,91,77,5,3,3,5,Sains
9,Eka Nur,L,15,99,96,73,78,85,77,5,3,4,4,Sains
10,Andi Utami,L,15,99,99,77,64,74,76,4,4,1,5,Sains
11,Joko Nur,P,14,99,98,61,80,61,64,5,3,1,3,Sains
12,Andi Nur,P,14,96,94,60,83,69,88,5,5,2,2,Sains
13,Dewi Saputra,L,13,86,96,65,70,80,74,5,3,2,5,Sains
14,Gita Wijaya,L,13,98,85,65,69,95,66,5,1,1,4,Sains
15,Gita Wahyudi,L,15,97,89,94,100,92,99,5,2,3,4,Sains
16,Budi Rahma,L,13,88,91,74,72,86,62,5,5,1,4,Sains
17,Budi Kusuma,P,15,92,88,60,62,81,83,5,1,4,1,Sains
18,Dewi Rahma,P,14,92,86,70,75,99,66,5,3,4,4,Sains
19,Indra Utami,P,12,89,99,92,88,68,82,5,5,5,2,Sains
20,Budi Nur,L,13,100,86,99,95,86,75,5,3,5,4,Sains
21,Indra Wahyudi,L,13,97,87,85,98,86,60,5,2,4,5,Sains
22,Fajar Kusuma,L,15,90,96,95,66,96,88,5,1,5,5,Sains
23,Hana Wahyudi,P,13,91,98,78,80,69,74,5,3,2,4,Sains
24,Joko Utami,P,15,92,99,88,93,92,68,5,4,5,5,Sains
25,Fajar Wahyudi,L,12,98,88,100,60,95,84,4,2,4,5,Sains
26,Gita Santoso,P,15,88,99,79,75,73,87,5,3,5,2,Sains
27,Dewi Pratama,L,15,86,92,60,75,65,87,5,2,4,5,Sains
28,Eka Wijaya,L,15,91,97,79,93,78,88,4,3,3,2,Sains
29,Eka Pratama,P,15,97,91,81,93,66,79,4,4,5,1,Sains
30,Indra Santoso,P,14,88,100,76,73,80,65,5,2,1,3,Sains
31,Hana Utami,L,15,100,88,83,77,66,61,4,2,3,1,Sains
32,Citra Kusuma,L,12,93,95,62,65,81,62,4,1,3,3,Sains
33,Fajar Wahyudi,L,15,89,85,63,65,83,99,4,2,4,1,Sains
34,Hana Kusuma,L,13,89,87,88,63,89,84,5,3,1,1,Sains
35,Eka Rahma,P,13,92,100,70,89,75,90,5,1,5,1,Sains
36,Gita Pratama,L,14,95,94,65,81,60,93,5,4,2,1,Sains
37,Dewi Rahma,P,13,85,97,79,90,76,71,5,5,5,2,Sains
38,Dewi Kusuma,P,14,90,91,87,64,84,93,5,4,3,3,Sains
39,Dewi Kusuma,P,12,93,94,91,62,60,60,4,5,4,4,Sains
40,Joko Wahyudi,P,12,96,89,100,96,95,82,4,3,2,5,Sains
41,Gita Santoso,L,14,85,100,77,74,92,97,4,3,5,2,Sains
42,Fajar Nur,L,14,87,87,78,100,79,80,4,2,3,5,Sains
43,Dewi Pratama,L,13,90,97,88,81,71,90,4,5,1,5,Sains
44,Joko Nur,P,12,88,98,82,80,100,100,5,4,4,5,Sains
45,Joko Pratama,L,12,97,88,92,85,81,99,5,2,3,1,Sains
46,Joko Putri,P,12,92,91,64,70,91,74,5,2,4,1,Sains
47,Eka Saputra,L,14,90,95,80,87,85,72,4,2,5,2,Sains
48,Indra Saputra,L,12,95,89,100,70,86,81,4,4,3,1,Sains
49,Budi Wahyudi,L,14,87,98,93,76,68,86,4,5,3,3,Sains
50,Gita Putri,L,14,91,92,73,75,82,72,5,1,4,1,Sains
51,Budi Nur,L,15,87,98,61,97,68,67,4,5,3,4,Sains
52,Dewi Putri,L,13,86,85,93,62,87,95,5,5,4,3,Sains
53,Eka Saputra,L,13,98,100,83,61,78,63,5,3,4,1,Sains
54,Gita Nur,L,15,100,89,66,72,85,77,4,3,4,3,Sains
55,Hana Saputra,L,14,87,98,86,99,77,71,4,2,4,5,Sains
56,Citra Wijaya,P,13,93,88,71,87,81,88,5,2,2,2,Sains
57,Joko Utami,P,12,92,90,95,75,70,78,5,3,4,4,Sains
58,Andi Putri,L,12,92,95,90,90,76,81,5,2,3,1,Sains
59,Hana Utami,L,12,90,88,67,93,95,81,5,3,5,1,Sains
60,Dewi Putri,P,13,95,100,94,93,87,61,4,1,2,4,Sains
61,Fajar Putri,P,13,87,92,66,69,66,72,5,3,5,5,Sains
62,Budi Saputra,P,12,94,90,95,68,79,88,4,4,3,1,Sains
63,Dewi Wahyudi,L,13,99,92,62,70,89,63,4,3,1,5,Sains
64,Budi Kusuma,P,14,97,92,88,88,72,64,4,4,3,2,Sains
65,Citra Putri,P,15,100,94,97,99,80,67,4,4,3,2,Sains
66,Budi Pratama,L,12,89,96,92,94,79,83,4,3,4,4,Sains
67,Dewi Saputra,L,13,87,93,91,94,88,63,4,3,2,1,Sains
68,Hana Kusuma,L,14,94,86,62,79,70,88,4,5,4,4,Sains
69,Hana Saputra,L,15,89,100,63,83,100,94,4,3,2,2,Sains
70,Citra Wahyudi,L,14,94,86,72,65,83,64,4,2,1,1,Sains
71,Hana Nur,P,12,85,88,85,63,75,87,4,1,3,3,Sains
72,Hana Rahma,P,12,91,92,70,82,81,100,5,5,2,4,Sains
73,Hana Utami,P,12,92,94,78,91,83,72,5,1,3,5,Sains
74,Fajar Pratama,P,14,88,90,83,100,82,71,4,5,3,3,Sains
75,Indra Nur,L,12,97,92,81,73,99,86,5,4,4,2,Sains
76,Andi Rahma,L,14,85,95,80,83,95,99,4,5,1,1,Sains
77,Fajar Nur,L,15,90,90,77,70,75,87,4,1,5,2,Sains
78,Citra Wijaya,P,14,93,89,88,95,95,81,5,4,1,5,Sains
79,Fajar Saputra,L,15,86,92,64,60,62,68,4,2,1,1,Sains
80,Budi Utami,L,15,99,86,74,80,62,85,5,4,5,3,Sains
81,Hana Utami,P,12,90,91,89,80,82,79,5,3,2,2,Sains
82,Andi Kusuma,P,15,94,97,97,88,97,64,5,1,1,3,Sains
83,Budi Wahyudi,L,13,96,94,64,82,100,65,4,5,1,3,Sains
84,Indra Nur,L,12,87,90,100,91,70,82,4,1,3,5,Sains
85,Citra Wijaya,P,15,95,85,91,63,89,65,5,1,2,4,Sains
86,Citra Nur,P,15,92,96,66,96,61,82,5,3,1,2,Sains
87,Citra Wijaya,L,12,89,93,71,85,70,91,5,2,5,2,Sains
88,Joko Nur,L,15,87,85,70,76,89,99,5,2,5,1,Sains
89,Hana Kusuma,L,14,98,90,82,73,81,83,5,4,3,2,Sains
90,Budi Pratama,P,15,88,85,85,64,73,83,5,4,3,2,Sains
91,Hana Wijaya,P,13,91,87,98,83,87,93,5,2,2,2,Sains
92,Citra Santoso,P,12,96,86,67,60,72,66,5,1,1,4,Sains
93,Fajar Santoso,L,12,88,98,100,64,76,76,5,4,3,1,Sains
94,Budi Nur,L,12,86,85,72,97,92,78,4,2,3,3,Sains
95,Budi Pratama,P,14,89,94,66,97,83,69,4,4,4,2,Sains
96,Eka Wahyudi,L,13,98,89,63,64,91,99,4,3,2,5,Sains
97,Indra Pratama,P,14,88,92,77,79,93,75,5,3,2,3,Sains
98,Dewi Nur,P,14,97,87,80,68,74,61,4,2,4,4,Sains
99,Gita Saputra,P,14,90,95,61,71,70,87,4,4,3,2,Sains
100,Eka Rahma,P,13,88,99,72,91,67,70,4,4,5,5,Sains
101,Gita Pratama,P,12,93,89,66,94,99,78,4,5,5,3,Sains
102,Budi Nur,L,14,100,93,61,69,73,99,5,4,5,4,Sains
103,Dewi Saputra,P,14,86,91,99,80,79,77,5,2,2,4,Sains
104,Andi Saputra,P,12,92,92,80,97,63,67,5,2,1,2,Sains
105,Indra Putri,L,14,100,94,76,74,98,97,4,3,2,3,Sains
106,Eka Rahma,P,13,90,90,73,75,73,76,5,3,4,4,Sains
107,Eka Santoso,P,13,99,96,85,95,90,62,4,4,4,2,Sains
108,Hana Utami,L,13,92,91,91,99,63,65,4,2,4,3,Sains
109,Hana Saputra,L,13,89,100,83,80,67,92,4,4,5,2,Sains
110,Dewi Wahyudi,L,13,85,90,73,86,97,69,4,5,5,5,Sains
111,Citra Kusuma,L,13,89,97,73,67,74,100,4,2,5,3,Sains
112,Budi Nur,L,13,92,99,66,82,73,97,5,1,3,2,Sains
113,Budi Wijaya,L,12,86,90,91,73,74,86,4,4,5,2,Sains
114,Budi Pratama,P,13,95,90,80,81,70,88,5,3,4,5,Sains
115,Dewi Santoso,L,15,93,96,68,97,73,82,4,3,2,5,Sains
116,Fajar Pratama,P,14,100,91,92,88,64,80,4,5,3,3,Sains
117,Dewi Kusuma,P,15,91,89,63,89,62,79,4,1,2,4,Sains
118,Dewi Saputra,P,14,98,92,89,75,68,80,4,3,3,5,Sains
119,Indra Santoso,P,13,100,88,61,85,83,79,4,1,1,4,Sains
120,Joko Kusuma,L,15,90,95,62,85,71,61,4,1,1,5,Sains
121,Fajar Pratama,L,15,88,91,60,67,81,83,4,4,2,2,Sains
122,Eka Putri,L,14,89,99,99,86,74,77,5,2,3,5,Sains
123,Andi Utami,P,14,94,90,99,85,68,87,4,2,1,4,Sains
124,Budi Rahma,L,13,97,89,60,81,67,80,5,4,3,5,Sains
125,Fajar Kusuma,P,15,99,99,94,90,68,87,5,1,1,3,Sains
126,Eka Rahma,L,13,80,66,64,100,98,82,2,4,5,5,Bahasa
127,Gita Wijaya,P,14,96,93,92,88,94,66,4,5,3,4,Bahasa
128,Gita Utami,P,13,68,61,64,85,85,79,3,5,5,4,Bahasa
129,Eka Wijaya,P,13,73,94,60,88,88,65,2,4,3,4,Bahasa
130,Andi Saputra,L,13,95,90,78,88,97,78,1,4,1,3,Bahasa
131,Dewi Kusuma,P,12,63,74,80,98,89,94,1,4,4,1,Bahasa
132,Budi Wijaya,P,13,67,65,85,87,95,62,4,4,4,2,Bahasa
133,Citra Wijaya,P,12,86,61,93,96,100,91,1,4,4,1,Bahasa
134,Dewi Wijaya,P,12,78,94,75,97,99,69,1,4,3,5,Bahasa
135,Dewi Nur,P,14,70,67,79,95,97,92,2,5,3,1,Bahasa
136,Fajar Kusuma,P,14,100,81,78,100,85,90,1,5,5,5,Bahasa
137,Indra Kusuma,L,14,67,95,69,89,89,87,1,4,2,2,Bahasa
138,Gita Putri,L,13,93,87,92,86,100,95,1,5,5,2,Bahasa
139,Andi Utami,P,15,99,76,100,86,85,63,5,5,5,5,Bahasa
140,Eka Wahyudi,L,15,81,84,83,99,85,87,5,5,5,3,Bahasa
141,Budi Kusuma,L,12,82,97,95,91,88,67,5,5,5,4,Bahasa
142,Dewi Wijaya,L,14,63,82,64,92,94,84,5,5,4,5,Bahasa
143,Budi Nur,L,14,61,77,60,87,97,97,1,4,1,5,Bahasa
144,Indra Wahyudi,L,14,95,66,85,98,91,80,5,5,1,3,Bahasa
145,Budi Santoso,L,15,66,61,86,93,90,83,4,4,5,5,Bahasa
146,Hana Wahyudi,P,12,91,94,87,95,96,84,5,4,5,4,Bahasa
147,Andi Wijaya,P,15,91,70,78,86,97,76,5,4,1,5,Bahasa
148,Eka Putri,P,12,62,71,61,98,91,85,4,5,2,3,Bahasa
149,Joko Saputra,L,15,96,62,86,96,91,89,4,4,5,5,Bahasa
150,Gita Pratama,P,15,61,93,66,86,85,93,3,4,4,4,Bahasa
151,Indra Santoso,L,14,62,95,74,88,96,80,4,4,3,5,Bahasa
152,Eka Utami,L,12,98,85,71,98,91,89,4,4,2,5,Bahasa
153,Hana Wijaya,P,12,91,85,72,99,96,97,5,5,1,3,Bahasa
154,Citra Pratama,L,13,83,97,73,94,85,78,3,5,3,5,Bahasa
155,Andi Nur,L,15,89,74,90,94,85,61,1,4,3,5,Bahasa
156,Andi Santoso,P,12,79,79,65,86,98,97,1,4,4,5,Bahasa
157,Joko Nur,L,14,75,95,99,93,96,93,5,5,1,4,Bahasa
158,Eka Nur,P,12,76,77,82,94,96,60,2,4,5,1,Bahasa
159,Fajar Wahyudi,P,15,61,81,84,93,94,69,1,5,5,5,Bahasa
160,Andi Nur,L,14,88,84,92,86,92,72,2,4,2,4,Bahasa
161,Hana Putri,P,12,96,82,83,89,98,63,2,5,5,3,Bahasa
162,Joko Utami,P,13,67,87,94,86,97,69,5,5,2,2,Bahasa
163,Budi Putri,P,15,89,82,86,98,96,92,5,4,3,4,Bahasa
164,Joko Rahma,L,13,93,81,63,89,92,87,5,4,4,1,Bahasa
165,Hana Wahyudi,P,13,97,61,69,100,98,86,1,5,3,3,Bahasa
166,Budi Utami,L,12,77,87,83,100,89,93,5,5,5,4,Bahasa
167,Budi Wahyudi,L,15,71,93,100,95,92,83,1,5,3,5,Bahasa
168,Gita Rahma,L,15,82,90,82,93,86,61,3,4,5,1,Bahasa
169,Gita Kusuma,P,15,95,82,85,89,90,65,2,4,2,5,Bahasa
170,Joko Kusuma,P,12,96,85,96,90,98,67,5,4,1,2,Bahasa
171,Andi Kusuma,L,12,75,83,65,95,89,74,1,5,4,5,Bahasa
172,Gita Putri,P,12,82,98,69,93,94,99,1,4,1,2,Bahasa
173,Joko Kusuma,L,12,95,65,68,96,91,76,3,5,5,2,Bahasa
174,Eka Kusuma,L,13,79,98,75,85,86,64,5,4,5,5,Bahasa
175,Fajar Pratama,L,12,95,95,94,89,100,68,5,4,5,2,Bahasa
176,Citra Rahma,P,15,89,83,72,88,96,75,3,4,4,1,Bahasa
177,Hana Kusuma,L,12,67,80,76,86,92,69,2,4,5,1,Bahasa
178,Budi Pratama,P,14,98,64,63,94,88,87,2,4,4,3,Bahasa
179,Eka Santoso,L,14,72,84,63,99,90,80,4,5,2,5,Bahasa
180,Joko Santoso,P,12,69,90,82,88,87,83,3,5,2,3,Bahasa
181,Indra Putri,L,14,86,76,89,86,99,80,5,5,1,5,Bahasa
182,Eka Kusuma,L,13,91,79,79,96,91,72,2,4,2,1,Bahasa
183,Hana Santoso,P,12,60,80,80,93,88,97,3,4,1,3,Bahasa
184,Dewi Wijaya,L,15,79,96,78,85,94,100,3,4,5,1,Bahasa
185,Hana Wijaya,P,15,91,73,87,93,87,86,3,4,2,1,Bahasa
186,Citra Pratama,P,13,81,71,79,100,89,85,3,4,4,3,Bahasa
187,Dewi Putri,L,12,96,63,62,86,99,64,4,4,5,2,Bahasa
188,Gita Utami,L,14,60,61,96,88,93,89,2,5,3,5,Bahasa
189,Citra Pratama,L,13,94,60,86,92,95,79,4,4,1,5,Bahasa
190,Budi Kusuma,P,15,70,68,60,88,93,68,1,4,1,3,Bahasa
191,Andi Putri,P,15,95,78,99,97,96,87,5,5,4,3,Bahasa
192,Citra Kusuma,L,12,68,92,100,96,95,62,4,4,4,5,Bahasa
193,Joko Nur,L,12,82,90,69,98,100,85,2,5,2,2,Bahasa
194,Indra Saputra,P,12,80,62,83,89,90,78,5,5,1,5,Bahasa
195,Eka Rahma,L,12,82,96,87,94,91,63,5,4,4,3,Bahasa
196,Joko Wahyudi,P,13,82,77,75,94,90,94,2,5,3,3,Bahasa
197,Fajar Santoso,P,15,72,83,91,86,92,82,3,4,1,4,Bahasa
198,Gita Saputra,L,13,96,97,75,98,86,84,3,5,5,5,Bahasa
199,Eka Kusuma,P,13,81,98,87,99,85,85,1,4,5,1,Bahasa
200,Citra Pratama,L,14,72,94,76,94,100,91,5,4,4,5,Bahasa
201,Citra Pratama,P,13,87,64,62,97,95,87,4,5,2,2,Bahasa
202,Joko Wahyudi,P,15,85,80,87,94,87,61,5,4,5,4,Bahasa
203,Dewi Rahma,P,13,74,87,63,86,95,76,4,5,5,5,Bahasa
204,Andi Nur,L,13,91,64,88,99,91,63,5,5,5,1,Bahasa
205,Indra Nur,P,15,91,90,80,99,95,63,4,5,3,1,Bahasa
206,Citra Santoso,L,14,69,86,94,98,92,70,3,4,1,3,Bahasa
207,Joko Putri,P,15,96,85,60,99,94,67,4,5,5,2,Bahasa
208,Citra Putri,P,12,81,74,91,88,96,93,1,5,3,2,Bahasa
209,Fajar Nur,L,12,95,73,95,93,100,60,5,4,1,4,Bahasa
210,Fajar Pratama,L,13,62,70,71,96,97,95,1,5,1,3,Bahasa
211,Citra Nur,L,15,97,71,80,93,95,64,3,4,4,2,Bahasa
212,Fajar Kusuma,P,14,70,86,81,90,92,97,5,4,2,2,Bahasa
213,Indra Utami,L,14,85,61,71,99,88,75,4,4,3,5,Bahasa
214,Budi Nur,P,12,87,67,77,100,94,98,3,5,1,3,Bahasa
215,Andi Utami,P,13,78,71,79,85,87,90,3,5,1,2,Bahasa
216,Indra Nur,L,12,83,78,65,97,99,91,5,4,2,4,Bahasa
217,Hana Santoso,L,12,80,74,83,97,91,76,5,4,3,4,Bahasa
218,Eka Wahyudi,P,12,80,86,78,95,99,99,2,5,2,1,Bahasa
219,Indra Rahma,P,12,63,71,61,100,95,65,3,5,2,2,Bahasa
220,Andi Santoso,P,14,80,76,80,100,87,67,5,5,1,5,Bahasa
221,Budi Pratama,P,12,84,64,91,88,97,67,4,5,3,4,Bahasa
222,Andi Saputra,L,12,98,93,87,96,95,83,3,5,1,4,Bahasa
223,Joko Utami,L,14,73,77,92,96,100,74,3,4,4,2,Bahasa
224,Budi Santoso,P,14,88,72,83,98,86,60,2,5,5,2,Bahasa
225,Fajar Kusuma,P,14,72,72,95,99,92,95,2,4,5,4,Bahasa
226,Gita Putri,L,15,63,60,97,100,87,97,2,5,1,5,Bahasa
227,Hana Wahyudi,P,15,78,97,95,99,96,100,4,4,4,5,Bahasa
228,Dewi Rahma,P,13,62,96,78,99,95,74,1,4,1,5,Bahasa
229,Budi Wijaya,L,12,64,66,87,92,96,98,5,5,1,5,Bahasa
230,Joko Wahyudi,L,14,97,97,90,89,87,72,4,4,4,1,Bahasa
231,Andi Kusuma,L,14,85,95,75,100,85,61,4,5,2,3,Bahasa
232,Fajar Saputra,L,12,90,95,99,95,86,73,5,4,4,2,Bahasa
233,Indra Wahyudi,L,15,84,82,65,90,95,78,2,5,3,3,Bahasa
234,Andi Santoso,P,13,83,68,61,87,100,86,5,4,1,5,Bahasa
235,Eka Putri,P,15,82,93,73,85,88,96,3,5,2,5,Bahasa
236,Fajar Pratama,L,13,84,87,98,90,86,87,2,4,2,3,Bahasa
237,Gita Putri,L,13,64,98,75,100,91,84,4,5,4,3,Bahasa
238,Budi Wahyudi,P,14,66,81,71,93,98,99,2,5,2,2,Bahasa
239,Citra Saputra,L,14,67,73,88,95,88,69,4,5,5,3,Bahasa
240,Indra Utami,L,13,98,68,96,94,88,76,2,5,1,4,Bahasa
241,Hana Nur,L,12,93,81,75,87,86,83,4,4,2,5,Bahasa
242,Eka Putri,L,12,89,99,83,100,92,87,2,5,5,2,Bahasa
243,Budi Putri,P,12,71,79,96,85,93,67,5,5,3,2,Bahasa
244,Andi Nur,L,15,65,96,82,100,90,87,5,5,2,2,Bahasa
245,Andi Pratama,P,14,98,84,75,89,87,83,2,5,2,4,Bahasa
246,Hana Rahma,L,12,76,72,72,86,96,70,3,4,1,1,Bahasa
247,Gita Wijaya,L,14,87,88,92,86,95,82,5,4,4,4,Bahasa
248,Budi Rahma,P,12,84,87,83,88,86,73,4,4,4,1,Bahasa
249,Budi Pratama,P,13,81,85,65,98,89,89,3,5,2,4,Bahasa
250,Joko Putri,P,13,68,89,63,89,95,85,5,4,4,5,Bahasa
251,Indra Nur,L,12,86,99,85,89,93,62,4,2,5,5,Sosial
252,Budi Santoso,P,13,84,100,100,69,70,80,4,1,4,2,Sosial
253,Citra Utami,P,14,73,99,95,95,78,97,1,3,4,1,Sosial
254,Indra Wahyudi,L,12,88,92,90,76,99,70,1,4,5,1,Sosial
255,Budi Wahyudi,L,15,79,83,95,66,95,83,5,3,4,1,Sosial
256,Budi Rahma,L,12,86,73,89,92,77,95,1,3,4,3,Sosial
257,Dewi Saputra,L,14,66,88,89,82,89,84,3,3,4,1,Sosial
258,Hana Santoso,L,14,91,72,88,74,87,65,3,2,4,4,Sosial
259,Gita Nur,P,15,82,93,92,60,96,75,5,3,4,4,Sosial
260,Gita Wijaya,P,12,100,73,88,69,89,91,5,4,4,2,Sosial
261,Gita Pratama,P,15,94,64,93,85,80,78,2,3,4,1,Sosial
262,Andi Santoso,P,15,74,82,96,63,87,68,5,2,5,5,Sosial
263,Indra Saputra,P,15,77,88,91,71,69,99,4,2,5,3,Sosial
264,Gita Rahma,L,12,72,82,100,73,70,92,3,2,5,2,Sosial
265,Hana Wijaya,P,15,71,80,93,70,93,67,2,2,4,4,Sosial
266,Joko Wijaya,L,13,82,82,91,63,87,79,1,5,5,3,Sosial
267,Fajar Nur,L,15,78,94,99,69,63,85,1,4,5,4,Sosial
268,Eka Saputra,L,13,63,88,96,86,76,98,4,5,4,2,Sosial
269,Dewi Rahma,L,12,63,80,90,82,91,95,1,4,5,4,Sosial
270,Eka Santoso,L,12,92,91,99,75,73,90,4,4,4,1,Sosial
271,Fajar Wijaya,L,15,80,66,90,98,84,91,2,1,4,2,Sosial
272,Fajar Santoso,L,13,97,71,87,86,87,75,4,2,5,1,Sosial
273,Citra Utami,P,13,89,62,92,61,66,61,3,2,4,5,Sosial
274,Andi Putri,L,14,100,99,90,89,74,75,4,3,4,2,Sosial
275,Budi Kusuma,P,15,100,74,98,96,91,94,2,3,4,2,Sosial
276,Eka Santoso,P,13,90,66,96,62,70,66,5,2,4,5,Sosial
277,Citra Wahyudi,P,14,76,75,86,99,75,89,5,3,4,4,Sosial
278,Indra Utami,L,14,74,73,95,62,65,86,3,3,4,4,Sosial
279,Hana Utami,P,15,68,97,88,98,72,64,5,4,4,1,Sosial
280,Eka Utami,P,13,69,61,97,66,96,96,3,1,5,2,Sosial
281,Indra Rahma,L,12,90,95,95,61,98,100,2,3,4,4,Sosial
282,Budi Rahma,P,14,86,64,92,80,95,83,1,5,5,5,Sosial
283,Joko Santoso,P,12,73,87,99,95,84,79,1,1,4,1,Sosial
284,Dewi Wijaya,L,15,81,75,90,65,70,97,1,5,5,3,Sosial
285,Hana Wijaya,L,13,95,60,98,76,99,64,4,2,4,1,Sosial
286,Dewi Wijaya,P,12,100,85,89,80,66,93,1,4,5,4,Sosial
287,Eka Wijaya,P,14,80,96,94,83,80,74,1,4,5,2,Sosial
288,Indra Pratama,L,15,80,62,98,88,69,78,3,5,4,5,Sosial
289,Eka Utami,P,12,98,95,87,77,79,76,1,3,5,4,Sosial
290,Fajar Utami,P,12,93,72,97,67,64,98,4,5,4,5,Sosial
291,Joko Saputra,P,15,88,100,93,88,61,79,2,2,5,4,Sosial
292,Joko Santoso,P,15,60,81,91,65,62,75,2,3,4,3,Sosial
293,Gita Wijaya,P,15,75,88,90,85,92,72,2,1,4,1,Sosial
294,Dewi Utami,P,15,98,97,87,93,73,80,1,3,5,4,Sosial
295,Indra Rahma,P,12,78,66,89,95,65,97,5,3,5,1,Sosial
296,Eka Putri,P,14,86,68,100,73,91,95,2,3,5,4,Sosial
297,Joko Utami,L,13,83,62,91,66,86,69,3,5,5,4,Sosial
298,Eka Rahma,P,12,66,74,96,87,82,68,2,5,5,3,Sosial
299,Indra Utami,P,12,90,76,95,88,99,98,4,3,5,2,Sosial
300,Dewi Santoso,P,12,97,67,93,71,95,80,4,4,5,2,Sosial
301,Budi Utami,P,12,60,82,99,74,88,92,3,4,4,4,Sosial
302,Hana Utami,P,14,85,90,91,78,78,92,3,2,5,2,Sosial
303,Hana Nur,L,12,95,99,88,79,62,72,4,3,4,4,Sosial
304,Gita Putri,P,15,61,82,93,65,65,96,4,1,5,1,Sosial
305,Gita Wahyudi,L,15,86,66,95,73,60,73,2,5,5,3,Sosial
306,Fajar Pratama,L,15,87,100,98,91,76,69,3,2,5,5,Sosial
307,Fajar Nur,P,12,95,71,97,91,68,65,2,4,5,4,Sosial
308,Indra Wijaya,P,13,79,87,94,90,100,88,1,2,4,2,Sosial
309,Andi Utami,L,13,70,72,96,98,79,72,3,3,4,5,Sosial
310,Hana Pratama,P,12,77,87,88,90,85,60,3,2,5,2,Sosial
311,Joko Utami,P,12,74,82,89,91,97,93,3,4,4,4,Sosial
312,Dewi Wahyudi,P,15,86,66,91,76,68,83,2,1,5,5,Sosial
313,Budi Nur,L,13,99,95,89,69,86,70,5,3,4,5,Sosial
314,Gita Wijaya,L,15,89,76,87,85,85,71,3,2,4,4,Sosial
315,Budi Pratama,P,14,67,60,85,72,66,93,1,5,4,5,Sosial
316,Hana Pratama,P,14,89,73,95,60,100,61,2,3,5,2,Sosial
317,Citra Utami,P,15,87,72,90,70,77,67,5,2,4,2,Sosial
318,Budi Saputra,P,15,82,80,100,80,77,76,5,4,4,2,Sosial
319,Citra Santoso,L,15,69,82,94,92,90,98,5,1,4,5,Sosial
320,Gita Utami,L,14,94,82,85,65,76,63,1,3,4,2,Sosial
321,Gita Putri,L,14,72,71,91,94,61,77,4,3,4,1,Sosial
322,Fajar Kusuma,L,15,78,79,94,81,97,79,2,2,4,2,Sosial
323,Hana Pratama,L,12,98,96,98,74,99,78,2,5,4,5,Sosial
324,Joko Putri,P,13,82,74,95,92,100,72,5,3,5,1,Sosial
325,Dewi Wijaya,P,15,62,60,86,74,97,91,2,5,4,1,Sosial
326,Andi Kusuma,L,15,89,66,94,60,78,98,4,3,5,1,Sosial
327,Hana Putri,P,13,66,75,91,61,60,83,1,5,5,4,Sosial
328,Fajar Kusuma,L,13,95,68,99,85,72,65,1,4,4,2,Sosial
329,Indra Rahma,P,13,62,92,100,82,69,67,5,3,4,1,Sosial
330,Hana Wahyudi,L,15,85,96,91,64,87,67,3,5,5,4,Sosial
331,Joko Wahyudi,P,13,78,82,90,80,87,97,3,5,5,3,Sosial
332,Citra Nur,P,14,99,82,94,87,90,92,3,3,5,1,Sosial
333,Fajar Wijaya,P,14,62,67,100,73,88,100,4,1,5,1,Sosial
334,Gita Pratama,P,12,64,63,93,84,63,61,3,2,4,5,Sosial
335,Citra Pratama,L,14,87,74,96,89,66,62,5,4,4,5,Sosial
336,Andi Pratama,P,15,74,93,92,72,88,98,1,3,5,3,Sosial
337,Andi Kusuma,P,12,65,87,99,92,60,94,3,2,4,2,Sosial
338,Budi Wahyudi,P,15,78,61,92,100,85,98,3,5,5,4,Sosial
339,Citra Putri,L,12,79,90,85,81,99,90,4,2,5,4,Sosial
340,Gita Wahyudi,L,13,74,93,99,70,98,91,4,3,4,1,Sosial
341,Hana Wahyudi,L,14,70,70,91,84,61,98,3,3,5,4,Sosial
342,Andi Kusuma,L,13,65,90,95,90,65,76,1,4,4,3,Sosial
343,Gita Pratama,P,14,96,95,99,84,63,69,4,5,4,2,Sosial
344,Gita Putri,L,14,100,69,99,75,99,85,3,4,4,2,Sosial
345,Citra Wahyudi,P,15,91,68,85,88,92,83,3,5,5,3,Sosial
346,Fajar Utami,P,15,87,94,99,75,99,64,5,2,5,3,Sosial
347,Eka Utami,L,12,71,73,92,74,60,96,5,2,5,1,Sosial
348,Citra Rahma,P,13,95,74,86,86,93,74,2,5,4,2,Sosial
349,Indra Rahma,P,13,75,90,100,61,71,96,4,1,4,3,Sosial
350,Hana Saputra,L,14,98,66,88,67,89,98,2,4,4,5,Sosial
351,Hana Kusuma,P,13,86,86,94,74,74,79,4,4,5,1,Sosial
352,Joko Utami,P,12,69,79,90,61,95,96,4,3,5,1,Sosial
353,Gita Nur,P,14,77,78,90,98,76,99,4,4,4,2,Sosial
354,Fajar Wahyudi,L,15,98,85,94,68,64,99,1,1,4,5,Sosial
355,Hana Kusuma,P,14,78,71,87,94,100,68,2,5,4,3,Sosial
356,Budi Wijaya,L,14,88,92,85,67,64,60,1,5,4,1,Sosial
357,Fajar Rahma,L,13,77,76,89,91,88,92,4,2,4,4,Sosial
358,Eka Nur,P,12,86,78,100,73,70,96,2,4,4,1,Sosial
359,Citra Rahma,L,13,61,81,88,62,94,64,2,1,4,2,Sosial
360,Joko Rahma,L,12,76,90,99,94,88,85,4,4,4,3,Sosial
361,Fajar Wijaya,L,13,83,99,97,72,90,85,4,1,4,1,Sosial
362,Fajar Rahma,L,12,98,81,96,97,93,74,2,4,5,1,Sosial
363,Budi Wijaya,L,14,78,91,100,64,83,62,4,4,5,4,Sosial
364,Hana Wijaya,L,12,90,74,90,98,95,66,1,1,4,1,Sosial
365,Joko Santoso,P,15,72,85,87,100,63,82,2,3,5,4,Sosial
366,Indra Utami,L,13,75,94,92,71,63,93,3,2,5,3,Sosial
367,Eka Putri,L,15,98,81,100,82,85,63,4,3,4,3,Sosial
368,Andi Pratama,P,14,75,81,87,81,91,79,2,2,4,5,Sosial
369,Eka Rahma,L,14,63,67,99,65,80,87,1,2,4,1,Sosial
370,Gita Wahyudi,P,12,60,83,99,100,70,80,4,1,5,2,Sosial
371,Gita Santoso,L,13,67,92,95,83,92,61,2,4,5,4,Sosial
372,Budi Utami,P,12,85,100,94,96,65,73,1,4,4,5,Sosial
373,Hana Santoso,P,13,60,94,96,86,90,99,5,5,4,5,Sosial
374,Budi Utami,P,15,84,68,88,96,90,72,5,4,5,4,Sosial
375,Eka Putri,P,12,75,71,98,61,74,60,2,3,4,5,Sosial
376,Andi Utami,P,13,68,89,84,62,60,99,4,1,4,4,Teknologi
377,Hana Santoso,L,13,93,79,72,86,70,90,5,4,5,4,Teknologi
378,Joko Putri,L,14,70,61,83,68,70,91,2,1,2,5,Teknologi
379,Eka Utami,P,15,68,90,96,74,80,100,3,1,5,4,Teknologi
380,Indra Wijaya,P,12,94,99,70,83,94,98,5,1,1,5,Teknologi
381,Fajar Nur,L,14,100,87,74,90,78,94,5,3,1,5,Teknologi
382,Budi Pratama,L,12,63,96,100,89,99,85,5,1,3,5,Teknologi
383,Indra Santoso,P,12,82,90,62,77,60,85,4,1,2,5,Teknologi
384,Eka Nur,P,15,69,96,80,75,76,98,2,2,5,4,Teknologi
385,Dewi Putri,P,13,100,79,62,65,84,98,4,2,2,4,Teknologi
386,Indra Utami,L,14,61,85,91,93,67,93,5,2,4,5,Teknologi
387,Andi Rahma,L,15,68,77,100,100,97,99,2,1,4,4,Teknologi
388,Indra Putri,P,14,82,91,77,99,63,87,3,2,4,4,Teknologi
389,Indra Santoso,P,13,90,82,67,69,91,87,3,1,1,4,Teknologi
390,Eka Wahyudi,L,12,76,78,64,68,62,95,4,5,2,4,Teknologi
391,Hana Utami,P,15,80,69,71,81,99,95,1,1,3,4,Teknologi
392,Andi Pratama,P,14,85,85,93,100,89,91,4,5,5,5,Teknologi
393,Andi Putri,P,15,80,93,88,84,60,98,3,4,5,4,Teknologi
394,Gita Putri,L,12,85,91,89,84,64,99,4,2,4,5,Teknologi
395,Eka Kusuma,L,13,92,69,94,89,75,89,1,1,3,4,Teknologi
396,Andi Wijaya,L,14,74,71,84,88,69,91,1,4,5,5,Teknologi
397,Gita Wahyudi,L,15,84,66,92,64,90,100,2,2,1,5,Teknologi
398,Andi Wahyudi,P,14,80,72,64,78,80,100,1,2,3,5,Teknologi
399,Eka Saputra,P,14,91,80,82,66,69,99,3,2,2,4,Teknologi
400,Budi Santoso,P,15,84,73,62,63,63,93,4,5,5,4,Teknologi
401,Indra Putri,L,13,86,92,60,63,87,90,5,2,1,5,Teknologi
402,Joko Putri,P,15,71,60,97,71,80,88,1,5,4,5,Teknologi
403,Indra Wijaya,P,14,84,95,94,90,65,91,1,1,1,4,Teknologi
404,Eka Rahma,P,14,77,70,65,72,92,99,4,2,4,5,Teknologi
405,Citra Nur,L,13,82,80,79,75,78,96,2,3,1,5,Teknologi
406,Eka Pratama,P,13,60,83,63,84,88,85,5,1,3,4,Teknologi
407,Budi Pratama,P,14,68,90,79,85,80,99,5,1,4,5,Teknologi
408,Joko Kusuma,P,15,91,68,91,66,77,87,3,3,2,4,Teknologi
409,Joko Nur,P,13,87,65,99,61,74,93,4,3,4,5,Teknologi
410,Citra Utami,P,15,61,79,62,78,68,86,4,1,1,5,Teknologi
411,Indra Kusuma,P,15,65,93,63,63,76,89,2,2,4,5,Teknologi
412,Andi Saputra,L,14,78,73,64,90,69,92,1,1,5,4,Teknologi
413,Budi Wijaya,P,14,62,82,66,80,75,91,5,4,4,4,Teknologi
414,Dewi Santoso,L,13,93,63,65,61,98,98,4,5,4,4,Teknologi
415,Joko Utami,P,12,82,68,72,90,61,93,3,5,1,5,Teknologi
416,Budi Santoso,P,13,77,95,76,87,80,93,2,1,4,5,Teknologi
417,Eka Kusuma,P,12,100,100,97,77,93,90,2,4,4,5,Teknologi
418,Budi Kusuma,P,13,79,64,75,93,85,95,5,3,3,4,Teknologi
419,Fajar Putri,L,12,75,83,89,96,74,98,5,4,1,5,Teknologi
420,Joko Nur,P,15,94,75,98,95,83,92,5,4,4,5,Teknologi
421,Hana Wijaya,P,14,98,92,97,98,90,96,1,1,2,5,Teknologi
422,Citra Utami,L,12,82,77,97,75,100,87,5,3,2,4,Teknologi
423,Joko Santoso,L,14,76,100,74,62,79,94,1,2,5,4,Teknologi
424,Joko Rahma,L,12,80,81,60,93,89,88,4,2,4,5,Teknologi
425,Indra Santoso,P,12,86,82,88,62,77,99,5,3,5,4,Teknologi
426,Citra Santoso,P,15,93,99,92,65,96,93,3,1,5,5,Teknologi
427,Gita Pratama,P,13,83,71,90,89,77,100,4,1,3,4,Teknologi
428,Joko Putri,P,14,94,74,85,93,85,91,4,2,4,5,Teknologi
429,Indra Rahma,L,15,72,96,91,74,73,99,3,4,3,4,Teknologi
430,Fajar Wahyudi,P,12,68,94,64,91,78,94,2,2,5,4,Teknologi
431,Eka Rahma,L,14,61,64,73,64,89,94,1,4,5,5,Teknologi
432,Eka Rahma,L,12,93,93,79,68,87,90,3,3,2,5,Teknologi
433,Citra Putri,L,15,94,100,62,86,79,98,2,2,4,4,Teknologi
434,Budi Nur,L,14,82,97,97,83,95,89,4,5,2,4,Teknologi
435,Indra Nur,P,12,84,62,84,94,65,89,2,1,2,4,Teknologi
436,Hana Wahyudi,L,14,64,98,62,86,71,85,3,1,2,4,Teknologi
437,Fajar Santoso,P,15,78,78,70,86,70,85,4,3,4,4,Teknologi
438,Dewi Utami,L,12,77,87,80,99,67,94,3,5,2,4,Teknologi
439,Dewi Putri,P,15,92,81,92,98,66,85,2,3,1,5,Teknologi
440,Fajar Wahyudi,L,14,85,60,64,72,77,97,3,3,1,4,Teknologi
441,Gita Putri,L,14,67,100,68,85,70,89,4,1,2,4,Teknologi
442,Indra Wijaya,P,14,85,100,75,93,65,88,1,5,2,5,Teknologi
443,Andi Wijaya,L,14,69,100,100,81,96,95,2,4,4,5,Teknologi
444,Budi Utami,L,15,92,86,81,63,79,98,2,2,5,4,Teknologi
445,Budi Putri,P,14,70,96,77,60,84,92,3,4,4,4,Teknologi
446,Eka Pratama,L,15,74,81,92,94,84,100,2,4,4,4,Teknologi
447,Dewi Santoso,L,14,87,91,90,61,76,94,4,2,1,5,Teknologi
448,Gita Kusuma,L,13,65,78,67,75,68,89,1,5,3,5,Teknologi
449,Andi Kusuma,P,15,84,66,84,94,97,89,1,5,1,5,Teknologi
450,Hana Rahma,L,15,60,84,62,68,70,100,2,4,3,4,Teknologi
451,Citra Kusuma,P,12,90,89,84,74,98,93,3,2,5,4,Teknologi
452,Indra Pratama,L,13,65,88,73,68,74,88,5,3,4,4,Teknologi
453,Budi Wahyudi,P,14,70,62,66,66,97,98,4,3,3,5,Teknologi
454,Joko Saputra,P,15,89,96,96,92,81,99,5,3,5,5,Teknologi
455,Hana Putri,L,12,74,94,90,70,69,96,3,4,2,4,Teknologi
456,Eka Wahyudi,L,15,66,100,79,74,70,96,4,4,5,5,Teknologi
457,Citra Santoso,P,15,98,87,67,64,84,92,3,1,5,5,Teknologi
458,Hana Santoso,P,15,60,76,62,86,63,92,4,3,4,5,Teknologi
459,Budi Santoso,P,15,70,72,94,72,63,97,3,5,2,5,Teknologi
460,Dewi Nur,P,12,84,79,92,78,93,85,4,5,3,5,Teknologi
461,Budi Saputra,L,14,87,76,90,90,81,90,3,5,3,5,Teknologi
462,Indra Saputra,P,15,68,64,99,63,87,85,3,4,5,5,Teknologi
463,Eka Saputra,L,15,65,77,90,97,86,100,3,1,3,4,Teknologi
464,Andi Wijaya,L,14,100,78,61,78,80,94,5,2,2,4,Teknologi
465,Eka Pratama,P,13,89,73,79,88,89,85,5,2,3,4,Teknologi
466,Hana Rahma,L,13,61,65,91,91,77,86,3,3,4,5,Teknologi
467,Citra Saputra,P,13,64,71,99,93,61,92,3,2,5,4,Teknologi
468,Citra Saputra,P,12,87,75,71,93,71,87,2,5,3,4,Teknologi
469,Dewi Wahyudi,P,12,94,68,92,87,89,95,1,2,5,5,Teknologi
470,Dewi Wijaya,P,12,78,69,93,63,74,98,4,4,1,5,Teknologi
471,Indra Pratama,P,14,98,81,65,81,70,93,2,1,1,4,Teknologi
472,Citra Saputra,P,13,67,89,83,62,82,88,4,1,4,4,Teknologi
473,Budi Saputra,L,12,70,95,77,80,77,95,1,3,1,5,Teknologi
474,Gita Rahma,P,12,84,78,77,99,69,100,2,5,3,4,Teknologi
475,Budi Rahma,P,12,87,89,61,100,95,89,2,1,3,4,Teknologi
476,Joko Kusuma,L,14,76,64,80,74,82,88,2,3,2,5,Teknologi
477,Hana Rahma,L,14,81,91,94,93,79,87,2,4,4,4,Teknologi
478,Joko Wahyudi,P,14,71,71,88,69,89,91,5,5,2,4,Teknologi
479,Budi Putri,P,13,87,61,81,72,66,99,4,3,4,4,Teknologi
480,Citra Kusuma,P,14,93,92,78,95,64,88,1,1,2,5,Teknologi
481,Hana Wijaya,L,12,86,80,65,79,64,89,5,3,2,4,Teknologi
482,Andi Putri,P,15,85,76,96,67,72,88,4,4,5,5,Teknologi
483,Citra Pratama,L,13,87,82,96,76,89,97,3,2,5,5,Teknologi
484,Dewi Saputra,L,12,60,96,66,97,95,89,4,3,5,5,Teknologi
485,Gita Kusuma,P,15,68,91,72,69,83,86,4,4,5,5,Teknologi
486,Budi Rahma,P,13,91,66,83,69,100,96,1,3,1,5,Teknologi
487,Dewi Putri,P,15,81,71,72,80,64,90,5,5,2,5,Teknologi
488,Budi Putri,L,15,96,89,63,92,99,85,1,3,4,5,Teknologi
489,Budi Pratama,P,15,73,98,77,83,79,97,5,3,1,5,Teknologi
490,Andi Wahyudi,L,12,96,65,89,68,77,91,3,4,1,4,Teknologi
491,Hana Rahma,L,13,84,95,90,89,62,94,1,2,4,4,Teknologi
492,Citra Wijaya,L,14,83,74,71,89,84,93,3,3,5,4,Teknologi
493,Budi Wahyudi,L,14,90,64,77,79,85,90,3,4,4,5,Teknologi
494,Andi Utami,L,12,80,73,62,99,80,86,4,5,3,4,Teknologi
495,Citra Nur,P,15,72,94,80,68,68,97,3,3,3,5,Teknologi
496,Gita Pratama,L,12,84,98,73,64,60,87,2,4,2,4,Teknologi
497,Citra Saputra,L,14,92,62,95,67,60,89,1,2,4,4,Teknologi
498,Hana Utami,P,14,94,90,68,65,70,99,4,5,4,5,Teknologi
499,Fajar Santoso,P,15,99,63,95,86,72,91,1,5,3,5,Teknologi
500,Dewi Utami,L,14,99,63,92,62,92,100,2,4,5,4,Teknologi
